{
	"credit": "Made with Blockbench",
	"texture_size": [48, 48],
	"textures": {
		"0": "blocks/bed_feet_top",
		"3": "blocks/planks_oak_flat",
		"4": "blocks/bed_blanket",
		"fox": "entity/custom/fox/fox_sleep",
		"particle": "blocks/bed_head_top"
	},
	"elements": [
		{
			"name": "snout",
			"from": [10, 9, -2],
			"to": [14, 11, 1],
			"rotation": {"angle": 0, "axis": "y", "origin": [4, -11, 5]},
			"faces": {
				"north": {"uv": [3, 7, 4.33333, 7.66667], "texture": "#fox"},
				"east": {"uv": [2, 7, 3, 7.66667], "texture": "#fox"},
				"south": {"uv": [5.33333, 7, 6.66667, 7.66667], "texture": "#fox"},
				"west": {"uv": [4.33333, 7, 5.33333, 7.66667], "texture": "#fox"},
				"up": {"uv": [3, 6, 4.33333, 7], "rotation": 180, "texture": "#fox"},
				"down": {"uv": [4.33333, 6, 5.66667, 7], "rotation": 180, "texture": "#fox"}
			}
		},
		{
			"name": "head",
			"from": [8, 9, 1],
			"to": [16, 15, 6],
			"rotation": {"angle": 0, "axis": "y", "origin": [12, 12, 6]},
			"faces": {
				"north": {"uv": [2.33333, 3.6625, 5, 5.6625], "texture": "#fox"},
				"east": {"uv": [0.35, 3.6625, 2.33333, 5.6625], "texture": "#fox"},
				"south": {"uv": [7.66667, 3.6625, 9.66667, 5.6625], "texture": "#fox"},
				"west": {"uv": [5, 3.6625, 7.66667, 5.6625], "texture": "#fox"},
				"up": {"uv": [2.33333, 1.6625, 5, 3.6625], "rotation": 180, "texture": "#fox"},
				"down": {"uv": [5, 1.6625, 7.66667, 3.6625], "rotation": 180, "texture": "#fox"}
			}
		},
		{
			"name": "left ears",
			"from": [14, 15, 2],
			"to": [16, 17, 3],
			"rotation": {"angle": 0, "axis": "y", "origin": [4, -11, 5]},
			"faces": {
				"north": {"uv": [3, 0.66667, 3.66667, 1.33333], "texture": "#fox"},
				"east": {"uv": [2.66665, 0.66667, 2.99998, 1.33333], "texture": "#fox"},
				"south": {"uv": [3.66667, 0.66667, 4.33333, 1.33333], "texture": "#fox"},
				"west": {"uv": [4.33333, 0.66667, 4.66667, 1.33333], "texture": "#fox"},
				"up": {"uv": [3, 0.33333, 3.66667, 0.66667], "texture": "#fox"},
				"down": {"uv": [3.66667, 0.33333, 4.33333, 0.66667], "texture": "#fox"}
			}
		},
		{
			"name": "right ears",
			"from": [8, 15, 2],
			"to": [10, 17, 3],
			"rotation": {"angle": 0, "axis": "y", "origin": [-2, -11, 5]},
			"faces": {
				"north": {"uv": [5.33333, 0.66667, 6, 1.33333], "texture": "#fox"},
				"east": {"uv": [5, 0.66667, 5.33333, 1.33333], "texture": "#fox"},
				"south": {"uv": [6, 0.66667, 6.66667, 1.33333], "texture": "#fox"},
				"west": {"uv": [6.66667, 0.66667, 7, 1.33333], "texture": "#fox"},
				"up": {"uv": [5.33333, 0.33333, 6, 0.66667], "texture": "#fox"},
				"down": {"uv": [6, 0.33333, 6.66667, 0.66667], "texture": "#fox"}
			}
		},
		{
			"name": "body",
			"from": [0, 8.75, 4.25],
			"to": [12, 14.75, 10.25],
			"rotation": {"angle": -22.5, "axis": "y", "origin": [12, 12.75, 6]},
			"faces": {
				"north": {"uv": [10, 7, 12, 10.65], "rotation": 270, "texture": "#fox"},
				"east": {"uv": [10, 5, 12, 7], "rotation": 270, "texture": "#fox"},
				"south": {"uv": [14, 7, 16, 10.65], "rotation": 90, "texture": "#fox"},
				"west": {"uv": [12, 5, 14, 7], "rotation": 90, "texture": "#fox"},
				"up": {"uv": [8, 7, 10, 10.65], "rotation": 180, "texture": "#fox"},
				"down": {"uv": [12, 7, 14, 10.65], "texture": "#fox"}
			}
		},
		{
			"name": "tails",
			"from": [1, 10, -2],
			"to": [10, 14, 3],
			"rotation": {"angle": 0, "axis": "y", "origin": [1, 12, 1]},
			"faces": {
				"north": {"uv": [14.33333, 1.66667, 16, 4.66667], "rotation": 90, "texture": "#fox"},
				"east": {"uv": [13, 0, 14.33333, 1.66667], "rotation": 90, "texture": "#fox"},
				"south": {"uv": [11.66665, 1.66667, 12.99998, 4.66667], "rotation": 270, "texture": "#fox"},
				"west": {"uv": [11.66667, 0, 13, 1.66667], "rotation": 270, "texture": "#fox"},
				"up": {"uv": [13, 1.66667, 14.33333, 4.66667], "rotation": 270, "texture": "#fox"},
				"down": {"uv": [10, 1.66667, 11.66667, 4.66667], "rotation": 270, "texture": "#fox"}
			}
		},
		{
			"from": [0, 0, 14],
			"to": [2, 4, 16],
			"faces": {
				"north": {"uv": [6, 4, 8, 7], "texture": "#3"},
				"east": {"uv": [7, 4, 9, 7], "texture": "#3"},
				"south": {"uv": [6, 4, 8, 7], "texture": "#3"},
				"west": {"uv": [7, 4, 9, 7], "texture": "#3"},
				"up": {"uv": [11, 4.75, 10.5, 4.25], "texture": "#3"},
				"down": {"uv": [5.25, 10.5, 4.75, 11], "texture": "#3"}
			}
		},
		{
			"from": [14, 0, 14],
			"to": [16, 4, 16],
			"faces": {
				"north": {"uv": [6, 4, 8, 7], "texture": "#3"},
				"east": {"uv": [7, 4, 9, 7], "texture": "#3"},
				"south": {"uv": [6, 4, 8, 7], "texture": "#3"},
				"west": {"uv": [7, 4, 9, 7], "texture": "#3"},
				"up": {"uv": [11, 5.25, 10.5, 4.75], "texture": "#3"},
				"down": {"uv": [5.75, 10.5, 5.25, 11], "texture": "#3"}
			}
		},
		{
			"from": [0, 4, 0],
			"to": [1, 10, 14],
			"faces": {
				"north": {"uv": [8, 8, 7, 3], "texture": "#3"},
				"east": {"uv": [16, 3, 0, 8], "texture": "#3"},
				"south": {"uv": [8, 2, 7, 8], "texture": "#3"},
				"west": {"uv": [16, 2, 0, 8], "texture": "#3"},
				"up": {"uv": [16, 6, 0, 7], "rotation": 270, "texture": "#3"},
				"down": {"uv": [0, 3, 16, 4], "rotation": 270, "texture": "#3"}
			}
		},
		{
			"from": [15, 4, 0],
			"to": [16, 10, 14],
			"faces": {
				"north": {"uv": [7, 3, 8, 8], "texture": "#3"},
				"east": {"uv": [0, 2, 16, 8], "texture": "#3"},
				"south": {"uv": [7, 2, 8, 8], "texture": "#3"},
				"west": {"uv": [0, 3, 16, 8], "texture": "#3"},
				"up": {"uv": [16, 7, 0, 6], "rotation": 270, "texture": "#3"},
				"down": {"uv": [0, 3, 16, 4], "rotation": 270, "texture": "#3"}
			}
		},
		{
			"from": [2, 4, 15],
			"to": [14, 11, 16],
			"faces": {
				"north": {"uv": [3, 1, 14, 8], "texture": "#3"},
				"east": {"uv": [0, 0, 0, 1.25], "texture": "#3"},
				"south": {"uv": [3, 1, 14, 8], "texture": "#3"},
				"west": {"uv": [0, 0, 0, 1.25], "texture": "#3"},
				"up": {"uv": [0, 3, 11, 4], "texture": "#3"},
				"down": {"uv": [0, 3, 11, 4], "texture": "#3"}
			}
		},
		{
			"from": [1, 4, 0],
			"to": [15, 4, 15],
			"faces": {
				"north": {"uv": [0, 0, 4, 0], "texture": "#3"},
				"east": {"uv": [0, 0, 4, 0], "texture": "#3"},
				"south": {"uv": [0, 0, 4, 0], "texture": "#3"},
				"west": {"uv": [0, 0, 4, 0], "texture": "#3"},
				"up": {"uv": [16, 16, 0, 0], "texture": "#3"},
				"down": {"uv": [16, 0, 0, 16], "texture": "#3"}
			}
		},
		{
			"from": [1, 9, 0],
			"to": [15, 9, 15],
			"faces": {
				"north": {"uv": [0, 0, 4, 0], "texture": "#0"},
				"east": {"uv": [0, 0, 4, 0], "texture": "#0"},
				"south": {"uv": [0, 0, 4, 0], "texture": "#0"},
				"west": {"uv": [0, 0, 4, 0], "texture": "#0"},
				"up": {"uv": [15, 15, 1, 1], "texture": "#0"},
				"down": {"uv": [8, 4, 4, 8], "texture": "#0"}
			}
		},
		{
			"from": [14, 4, 14],
			"to": [16, 10, 16],
			"faces": {
				"north": {"uv": [7, 6, 9, 13], "texture": "#3"},
				"east": {"uv": [6, 2, 8, 8], "texture": "#3"},
				"south": {"uv": [0, 2, 2, 8], "texture": "#3"},
				"west": {"uv": [0, 3, 2, 8], "texture": "#3"},
				"up": {"uv": [6, 6, 8, 8], "texture": "#3"},
				"down": {"uv": [6.25, 10.5, 5.75, 11], "texture": "#3"}
			}
		},
		{
			"from": [0, 13, 14],
			"to": [16, 15, 16],
			"faces": {
				"north": {"uv": [2, 6, 14, 8], "texture": "#3"},
				"east": {"uv": [13, 2, 15, 4], "texture": "#3"},
				"south": {"uv": [1, 6, 13, 8], "texture": "#3"},
				"west": {"uv": [14, 2, 16, 4], "texture": "#3"},
				"up": {"uv": [3, 9, 15, 11], "texture": "#3"},
				"down": {"uv": [0, 9, 0, 9], "texture": "#3"}
			}
		},
		{
			"from": [2, 11, 14],
			"to": [14, 12, 16],
			"faces": {
				"north": {"uv": [3, 10, 15, 11], "texture": "#3"},
				"east": {"uv": [13, 3, 15, 5], "texture": "#3"},
				"south": {"uv": [3, 5, 14, 6], "texture": "#3"},
				"west": {"uv": [14, 3, 16, 5], "texture": "#3"},
				"up": {"uv": [3, 9, 15, 11], "texture": "#3"},
				"down": {"uv": [0, 9, 0, 9], "texture": "#3"}
			}
		},
		{
			"from": [0, 4, 14],
			"to": [2, 10, 16],
			"faces": {
				"north": {"uv": [7, 6, 9, 13], "texture": "#3"},
				"east": {"uv": [0, 3, 2, 8], "texture": "#3"},
				"south": {"uv": [0, 2, 2, 8], "texture": "#3"},
				"west": {"uv": [6, 2, 8, 8], "texture": "#3"},
				"up": {"uv": [6, 6, 8, 8], "texture": "#3"},
				"down": {"uv": [6.75, 10.5, 6.25, 11], "texture": "#3"}
			}
		},
		{
			"from": [2, 9, 9],
			"to": [14, 10, 14],
			"faces": {
				"north": {"uv": [8, 11, 9, 4], "rotation": 270, "texture": "#particle"},
				"east": {"uv": [8, 6, 9, 1], "rotation": 270, "texture": "#particle"},
				"south": {"uv": [6, 9, 7, 9], "rotation": 270, "texture": "#particle"},
				"west": {"uv": [8, 2, 9, 5], "rotation": 270, "texture": "#particle"},
				"up": {"uv": [14, 2, 8, 14], "rotation": 270, "texture": "#particle"},
				"down": {"uv": [10.5, 6.75, 8, 5.5], "rotation": 270, "texture": "#particle"}
			}
		},
		{
			"from": [0, 10, 14],
			"to": [2, 13, 16],
			"faces": {
				"north": {"uv": [7, 4, 9, 7], "texture": "#3"},
				"east": {"uv": [6, 4, 8, 7], "texture": "#3"},
				"south": {"uv": [7, 4, 9, 7], "texture": "#3"},
				"west": {"uv": [6, 4, 8, 7], "texture": "#3"},
				"up": {"uv": [8, 5, 10, 7], "texture": "#3"},
				"down": {"uv": [0, 0, 0.5, 0.5], "texture": "#3"}
			}
		},
		{
			"from": [14, 10, 14],
			"to": [16, 13, 16],
			"faces": {
				"north": {"uv": [7, 4, 9, 7], "texture": "#3"},
				"east": {"uv": [6, 4, 8, 7], "texture": "#3"},
				"south": {"uv": [7, 4, 9, 7], "texture": "#3"},
				"west": {"uv": [6, 4, 8, 7], "texture": "#3"},
				"up": {"uv": [8, 5, 10, 7], "texture": "#3"},
				"down": {"uv": [0, 0, 0.5, 0.5], "texture": "#3"}
			}
		},
		{
			"from": [1, 9, 3],
			"to": [15, 10, 9],
			"faces": {
				"north": {"uv": [12, 0, 13, 16], "rotation": 270, "texture": "#4"},
				"east": {"uv": [13, 15, 6, 16], "rotation": 180, "texture": "#4"},
				"south": {"uv": [12, 0, 13, 16], "rotation": 270, "texture": "#4"},
				"west": {"uv": [6, 11, 13, 12], "rotation": 180, "texture": "#4"},
				"up": {"uv": [6, 0, 13, 16], "rotation": 270, "texture": "#4"},
				"down": {"uv": [0, 0, 4, 16], "rotation": 270, "texture": "#4"}
			}
		}
	],
	"display": {},
	"groups": [
		{
			"name": "fox",
			"origin": [8, 8, 8],
			"color": 0,
			"children": [
				0,
				{
					"name": "head",
					"origin": [8, 8, 8],
					"color": 0,
					"children": [
						1,
						{
							"name": "ears",
							"origin": [8, 8, 8],
							"color": 0,
							"children": [2, 3]
						}
					]
				},
				4,
				5
			]
		},
		{
			"name": "bed_head",
			"origin": [8, 8, 8],
			"color": 0,
			"children": [
				6,
				7,
				8,
				9,
				10,
				11,
				12,
				13,
				14,
				15,
				16,
				17,
				18,
				19,
				{
					"name": "bed_head",
					"origin": [8, 8, 8],
					"color": 0,
					"children": [20]
				}
			]
		}
	]
}